"","seqnames","pos","nucleotide","count","pos.total.count","nuc.cover.prop","library","treatment","allele"
"1","BomBc1",24,"T",1943,3813,0.509572515079989,"hyb.gdna.1","gDNA","*D. simulans*"
"2","BomBc1",24,"T",2019,4036,0.500247770069376,"hyb.gdna.2","gDNA","*D. simulans*"
"3","BomBc1",24,"T",2064,4114,0.501701507049101,"hyb.gdna.3","gDNA","*D. simulans*"
"4","Indy",38,"C",1888,3887,0.485721636223308,"hyb.gdna.1","gDNA","*D. simulans*"
"5","Indy",38,"C",1480,3002,0.493004663557628,"hyb.gdna.2","gDNA","*D. simulans*"
"6","Indy",38,"C",1694,3499,0.484138325235782,"hyb.gdna.3","gDNA","*D. simulans*"
"7","CG8850",57,"T",2108,4230,0.498345153664303,"hyb.gdna.1","gDNA","*D. simulans*"
"8","CG8850",57,"T",1496,2962,0.5050641458474,"hyb.gdna.2","gDNA","*D. simulans*"
"9","CG8850",57,"T",1985,3992,0.497244488977956,"hyb.gdna.3","gDNA","*D. simulans*"
"10","CG16772",29,"A",1981,4095,0.483760683760684,"hyb.gdna.1","gDNA","*D. simulans*"
"11","CG16772",29,"A",1226,2531,0.484393520347689,"hyb.gdna.2","gDNA","*D. simulans*"
"12","CG16772",29,"A",1682,3494,0.481396680022896,"hyb.gdna.3","gDNA","*D. simulans*"
"13","BomBc3",36,"C",1986,3925,0.505987261146497,"hyb.gdna.1","gDNA","*D. simulans*"
"14","BomBc3",36,"C",1521,2886,0.527027027027027,"hyb.gdna.2","gDNA","*D. simulans*"
"15","BomBc3",36,"C",1984,3783,0.524451493523658,"hyb.gdna.3","gDNA","*D. simulans*"
"16","BomBc2",20,"G",1903,3661,0.519803332422835,"hyb.gdna.1","gDNA","*D. simulans*"
"17","BomBc2",20,"G",2355,4637,0.507871468621954,"hyb.gdna.2","gDNA","*D. simulans*"
"18","BomBc2",20,"G",2573,4791,0.537048632853267,"hyb.gdna.3","gDNA","*D. simulans*"
"19","Mtk",23,"C",2161,4402,0.490913221263062,"hyb.gdna.1","gDNA","*D. simulans*"
"20","Mtk",23,"C",2319,4842,0.478934324659232,"hyb.gdna.2","gDNA","*D. simulans*"
"21","Mtk",23,"C",2188,4409,0.496257654797006,"hyb.gdna.3","gDNA","*D. simulans*"
"22","edin",100,"A",1452,2821,0.514711095356257,"hyb.gdna.1","gDNA","*D. simulans*"
"23","edin",100,"A",1372,2787,0.492285611768927,"hyb.gdna.2","gDNA","*D. simulans*"
"24","edin",100,"A",1266,2556,0.495305164319249,"hyb.gdna.3","gDNA","*D. simulans*"
"25","TotX",26,"G",1291,2649,0.487353718384296,"hyb.gdna.1","gDNA","*D. simulans*"
"26","TotX",26,"G",1499,2897,0.517431826026924,"hyb.gdna.2","gDNA","*D. simulans*"
"27","TotX",26,"G",1312,2421,0.541924824452706,"hyb.gdna.3","gDNA","*D. simulans*"
"28","BomS1",19,"A",1791,3414,0.524604569420035,"hyb.gdna.1","gDNA","*D. simulans*"
"29","BomS1",19,"A",1716,3334,0.514697060587882,"hyb.gdna.2","gDNA","*D. simulans*"
"30","BomS1",19,"A",1563,3071,0.508954737870401,"hyb.gdna.3","gDNA","*D. simulans*"
"31","CecA1",46,"G",1972,4056,0.486193293885602,"hyb.gdna.1","gDNA","*D. simulans*"
"32","CecA1",46,"G",1401,2671,0.524522650692624,"hyb.gdna.2","gDNA","*D. simulans*"
"33","CecA1",46,"G",1737,3513,0.494449188727583,"hyb.gdna.3","gDNA","*D. simulans*"
"34","CecC",20,"A",1415,2788,0.507532281205165,"hyb.gdna.1","gDNA","*D. simulans*"
"35","CecC",20,"A",1696,3123,0.543067563240474,"hyb.gdna.2","gDNA","*D. simulans*"
"36","CecC",20,"A",1535,2916,0.526406035665295,"hyb.gdna.3","gDNA","*D. simulans*"
"37","TotB",54,"T",1717,3388,0.506788665879575,"hyb.gdna.1","gDNA","*D. simulans*"
"38","TotB",54,"T",1062,2137,0.496958352831072,"hyb.gdna.2","gDNA","*D. simulans*"
"39","TotB",54,"T",1503,2859,0.525708289611752,"hyb.gdna.3","gDNA","*D. simulans*"
"40","BomBc1",24,"G",1866,3813,0.489378442171518,"hyb.gdna.1","gDNA","*D. sechellia*"
"41","BomBc1",24,"G",2014,4036,0.499008919722498,"hyb.gdna.2","gDNA","*D. sechellia*"
"42","BomBc1",24,"G",2047,4114,0.497569275644142,"hyb.gdna.3","gDNA","*D. sechellia*"
"43","Indy",38,"A",1998,3887,0.514021095960895,"hyb.gdna.1","gDNA","*D. sechellia*"
"44","Indy",38,"A",1522,3002,0.506995336442372,"hyb.gdna.2","gDNA","*D. sechellia*"
"45","Indy",38,"A",1803,3499,0.515290082880823,"hyb.gdna.3","gDNA","*D. sechellia*"
"46","CG8850",57,"A",2113,4230,0.499527186761229,"hyb.gdna.1","gDNA","*D. sechellia*"
"47","CG8850",57,"A",1461,2962,0.493247805536799,"hyb.gdna.2","gDNA","*D. sechellia*"
"48","CG8850",57,"A",2003,3992,0.501753507014028,"hyb.gdna.3","gDNA","*D. sechellia*"
"49","CG16772",29,"G",2108,4095,0.514774114774115,"hyb.gdna.1","gDNA","*D. sechellia*"
"50","CG16772",29,"G",1295,2531,0.511655472145397,"hyb.gdna.2","gDNA","*D. sechellia*"
"51","CG16772",29,"G",1796,3494,0.514024041213509,"hyb.gdna.3","gDNA","*D. sechellia*"
"52","BomBc3",36,"A",1938,3925,0.49375796178344,"hyb.gdna.1","gDNA","*D. sechellia*"
"53","BomBc3",36,"A",1363,2886,0.472279972279972,"hyb.gdna.2","gDNA","*D. sechellia*"
"54","BomBc3",36,"A",1798,3783,0.475284166005815,"hyb.gdna.3","gDNA","*D. sechellia*"
"55","BomBc2",20,"A",1755,3661,0.479377219338978,"hyb.gdna.1","gDNA","*D. sechellia*"
"56","BomBc2",20,"A",2281,4637,0.491912874703472,"hyb.gdna.2","gDNA","*D. sechellia*"
"57","BomBc2",20,"A",2218,4791,0.462951367146733,"hyb.gdna.3","gDNA","*D. sechellia*"
"58","Mtk",23,"G",2239,4402,0.508632439800091,"hyb.gdna.1","gDNA","*D. sechellia*"
"59","Mtk",23,"G",2519,4842,0.520239570425444,"hyb.gdna.2","gDNA","*D. sechellia*"
"60","Mtk",23,"G",2215,4409,0.502381492401905,"hyb.gdna.3","gDNA","*D. sechellia*"
"61","edin",100,"G",1365,2821,0.483870967741935,"hyb.gdna.1","gDNA","*D. sechellia*"
"62","edin",100,"G",1408,2787,0.505202726946537,"hyb.gdna.2","gDNA","*D. sechellia*"
"63","edin",100,"G",1285,2556,0.502738654147105,"hyb.gdna.3","gDNA","*D. sechellia*"
"64","TotX",26,"A",1356,2649,0.511891279728199,"hyb.gdna.1","gDNA","*D. sechellia*"
"65","TotX",26,"A",1394,2897,0.481187435277874,"hyb.gdna.2","gDNA","*D. sechellia*"
"66","TotX",26,"A",1108,2421,0.457662123089632,"hyb.gdna.3","gDNA","*D. sechellia*"
"67","BomS1",19,"T",1622,3414,0.47510251903925,"hyb.gdna.1","gDNA","*D. sechellia*"
"68","BomS1",19,"T",1618,3334,0.485302939412118,"hyb.gdna.2","gDNA","*D. sechellia*"
"69","BomS1",19,"T",1507,3071,0.490719635297949,"hyb.gdna.3","gDNA","*D. sechellia*"
"70","CecA1",46,"A",2079,4056,0.512573964497041,"hyb.gdna.1","gDNA","*D. sechellia*"
"71","CecA1",46,"A",1268,2671,0.47472856608012,"hyb.gdna.2","gDNA","*D. sechellia*"
"72","CecA1",46,"A",1776,3513,0.505550811272417,"hyb.gdna.3","gDNA","*D. sechellia*"
"73","CecC",20,"G",1370,2788,0.491391678622669,"hyb.gdna.1","gDNA","*D. sechellia*"
"74","CecC",20,"G",1423,3123,0.455651617034902,"hyb.gdna.2","gDNA","*D. sechellia*"
"75","CecC",20,"G",1381,2916,0.473593964334705,"hyb.gdna.3","gDNA","*D. sechellia*"
"76","TotB",54,"C",1671,3388,0.493211334120425,"hyb.gdna.1","gDNA","*D. sechellia*"
"77","TotB",54,"C",1075,2137,0.503041647168928,"hyb.gdna.2","gDNA","*D. sechellia*"
"78","TotB",54,"C",1355,2859,0.473941937740469,"hyb.gdna.3","gDNA","*D. sechellia*"
"79","BomBc1",24,"T",924,1724,0.535962877030162,"hyb.c.1","Control","*D. simulans*"
"80","BomBc1",24,"T",1506,2264,0.665194346289753,"hyb.c.10","Control","*D. simulans*"
"81","BomBc1",24,"T",2163,3103,0.697067354173381,"hyb.c.2","Control","*D. simulans*"
"82","BomBc1",24,"T",1404,2151,0.652719665271967,"hyb.c.4","Control","*D. simulans*"
"83","BomBc1",24,"T",1835,2846,0.64476458186929,"hyb.c.5","Control","*D. simulans*"
"84","BomBc1",24,"T",1657,2544,0.651336477987421,"hyb.c.6","Control","*D. simulans*"
"85","BomBc1",24,"T",1639,2608,0.628450920245399,"hyb.c.7","Control","*D. simulans*"
"86","BomBc1",24,"T",1793,2673,0.670781893004115,"hyb.c.8","Control","*D. simulans*"
"87","BomBc1",24,"T",688,1307,0.526396327467483,"hyb.c.9","Control","*D. simulans*"
"88","Indy",38,"C",1265,4007,0.315697529323684,"hyb.c.1","Control","*D. simulans*"
"89","Indy",38,"C",1601,3934,0.406964921199797,"hyb.c.10","Control","*D. simulans*"
"90","Indy",38,"C",1392,3841,0.362405623535538,"hyb.c.2","Control","*D. simulans*"
"91","Indy",38,"C",1400,4087,0.342549547345241,"hyb.c.3","Control","*D. simulans*"
"92","Indy",38,"C",1340,3816,0.351153039832285,"hyb.c.4","Control","*D. simulans*"
"93","Indy",38,"C",1032,2804,0.368045649072753,"hyb.c.5","Control","*D. simulans*"
"94","Indy",38,"C",1552,3944,0.393509127789047,"hyb.c.6","Control","*D. simulans*"
"95","Indy",38,"C",1483,3624,0.409216335540839,"hyb.c.7","Control","*D. simulans*"
"96","Indy",38,"C",1779,4325,0.411329479768786,"hyb.c.8","Control","*D. simulans*"
"97","Indy",38,"C",1705,4260,0.400234741784038,"hyb.c.9","Control","*D. simulans*"
"98","CG8850",57,"T",2303,2952,0.780149051490515,"hyb.c.1","Control","*D. simulans*"
"99","CG8850",57,"T",2165,2646,0.818216175359032,"hyb.c.10","Control","*D. simulans*"
"100","CG8850",57,"T",2008,2632,0.762917933130699,"hyb.c.2","Control","*D. simulans*"
"101","CG8850",57,"T",2098,2926,0.71701982228298,"hyb.c.3","Control","*D. simulans*"
"102","CG8850",57,"T",1779,2193,0.811217510259918,"hyb.c.4","Control","*D. simulans*"
"103","CG8850",57,"T",1567,1954,0.801944728761515,"hyb.c.5","Control","*D. simulans*"
"104","CG8850",57,"T",2380,2753,0.864511442063204,"hyb.c.6","Control","*D. simulans*"
"105","CG8850",57,"T",2042,2478,0.824051654560129,"hyb.c.7","Control","*D. simulans*"
"106","CG8850",57,"T",2564,2967,0.864172564880351,"hyb.c.8","Control","*D. simulans*"
"107","CG8850",57,"T",2550,2995,0.851419031719533,"hyb.c.9","Control","*D. simulans*"
"108","CG16772",29,"A",1843,4580,0.402401746724891,"hyb.c.1","Control","*D. simulans*"
"109","CG16772",29,"A",1312,3191,0.411156377311188,"hyb.c.10","Control","*D. simulans*"
"110","CG16772",29,"A",1519,3666,0.414348063284234,"hyb.c.2","Control","*D. simulans*"
"111","CG16772",29,"A",1703,4108,0.414556962025316,"hyb.c.3","Control","*D. simulans*"
"112","CG16772",29,"A",1635,4051,0.403604048383115,"hyb.c.4","Control","*D. simulans*"
"113","CG16772",29,"A",2009,4589,0.43778601002397,"hyb.c.5","Control","*D. simulans*"
"114","CG16772",29,"A",1777,4322,0.411152244331328,"hyb.c.6","Control","*D. simulans*"
"115","CG16772",29,"A",1740,3642,0.477759472817133,"hyb.c.7","Control","*D. simulans*"
"116","CG16772",29,"A",1900,4344,0.437384898710866,"hyb.c.8","Control","*D. simulans*"
"117","CG16772",29,"A",1681,4379,0.383877597625029,"hyb.c.9","Control","*D. simulans*"
"118","BomBc3",36,"C",3761,5102,0.737161897295178,"hyb.c.1","Control","*D. simulans*"
"119","BomBc3",36,"C",4024,4636,0.867989646246764,"hyb.c.10","Control","*D. simulans*"
"120","BomBc3",36,"C",3198,5254,0.608679101636848,"hyb.c.2","Control","*D. simulans*"
"121","BomBc3",36,"C",3479,4914,0.707977207977208,"hyb.c.3","Control","*D. simulans*"
"122","BomBc3",36,"C",2800,4089,0.684764000978234,"hyb.c.4","Control","*D. simulans*"
"123","BomBc3",36,"C",4040,5787,0.698116467945395,"hyb.c.5","Control","*D. simulans*"
"124","BomBc3",36,"C",4933,5908,0.834969532836831,"hyb.c.6","Control","*D. simulans*"
"125","BomBc3",36,"C",3682,4799,0.767243175661596,"hyb.c.7","Control","*D. simulans*"
"126","BomBc3",36,"C",4576,5915,0.773626373626374,"hyb.c.8","Control","*D. simulans*"
"127","BomBc3",36,"C",4649,5488,0.847120991253644,"hyb.c.9","Control","*D. simulans*"
"128","BomBc2",20,"G",16,4189,0.00381952733349248,"hyb.c.1","Control","*D. simulans*"
"129","BomBc2",20,"G",175,2289,0.0764525993883792,"hyb.c.10","Control","*D. simulans*"
"130","BomBc2",20,"G",364,5572,0.0653266331658292,"hyb.c.2","Control","*D. simulans*"
"131","BomBc2",20,"G",640,5278,0.121258052292535,"hyb.c.3","Control","*D. simulans*"
"132","BomBc2",20,"G",161,4107,0.0392013635256879,"hyb.c.4","Control","*D. simulans*"
"133","BomBc2",20,"G",388,5237,0.074088218445675,"hyb.c.5","Control","*D. simulans*"
"134","BomBc2",20,"G",86,2956,0.0290933694181326,"hyb.c.6","Control","*D. simulans*"
"135","BomBc2",20,"G",986,4563,0.216085908393601,"hyb.c.7","Control","*D. simulans*"
"136","BomBc2",20,"G",186,4013,0.0463493645651632,"hyb.c.8","Control","*D. simulans*"
"137","BomBc2",20,"G",97,2134,0.0454545454545455,"hyb.c.9","Control","*D. simulans*"
"138","Mtk",23,"C",619,3504,0.176655251141553,"hyb.c.1","Control","*D. simulans*"
"139","Mtk",23,"C",625,3409,0.183338222352596,"hyb.c.10","Control","*D. simulans*"
"140","Mtk",23,"C",527,2785,0.189228007181329,"hyb.c.2","Control","*D. simulans*"
"141","Mtk",23,"C",884,3514,0.251565167899829,"hyb.c.3","Control","*D. simulans*"
"142","Mtk",23,"C",1182,3165,0.37345971563981,"hyb.c.4","Control","*D. simulans*"
"143","Mtk",23,"C",881,3735,0.235876840696118,"hyb.c.5","Control","*D. simulans*"
"144","Mtk",23,"C",663,3728,0.177843347639485,"hyb.c.6","Control","*D. simulans*"
"145","Mtk",23,"C",325,2919,0.111339499828708,"hyb.c.7","Control","*D. simulans*"
"146","Mtk",23,"C",446,3407,0.13090695626651,"hyb.c.8","Control","*D. simulans*"
"147","Mtk",23,"C",619,3788,0.163410770855333,"hyb.c.9","Control","*D. simulans*"
"148","edin",100,"A",2117,3308,0.639963724304716,"hyb.c.1","Control","*D. simulans*"
"149","edin",100,"A",1788,3025,0.591074380165289,"hyb.c.10","Control","*D. simulans*"
"150","edin",100,"A",2303,3357,0.686029192731606,"hyb.c.2","Control","*D. simulans*"
"151","edin",100,"A",2517,3494,0.720377790497997,"hyb.c.3","Control","*D. simulans*"
"152","edin",100,"A",2156,3078,0.700454840805718,"hyb.c.4","Control","*D. simulans*"
"153","edin",100,"A",2278,3482,0.654221711659966,"hyb.c.5","Control","*D. simulans*"
"154","edin",100,"A",1837,3071,0.598176489742755,"hyb.c.6","Control","*D. simulans*"
"155","edin",100,"A",1552,2425,0.64,"hyb.c.7","Control","*D. simulans*"
"156","edin",100,"A",1970,3213,0.613134142545907,"hyb.c.8","Control","*D. simulans*"
"157","edin",100,"A",1912,3087,0.619371558147068,"hyb.c.9","Control","*D. simulans*"
"158","TotX",26,"G",565,2060,0.274271844660194,"hyb.c.1","Control","*D. simulans*"
"159","TotX",26,"G",867,2387,0.363217427733557,"hyb.c.10","Control","*D. simulans*"
"160","TotX",26,"G",1618,3122,0.518257527226137,"hyb.c.2","Control","*D. simulans*"
"161","TotX",26,"G",834,2854,0.292221443587947,"hyb.c.3","Control","*D. simulans*"
"162","TotX",26,"G",1823,3165,0.575987361769352,"hyb.c.4","Control","*D. simulans*"
"163","TotX",26,"G",1091,2933,0.371974087964541,"hyb.c.5","Control","*D. simulans*"
"164","TotX",26,"G",666,3096,0.215116279069767,"hyb.c.6","Control","*D. simulans*"
"165","TotX",26,"G",329,1893,0.173798203909139,"hyb.c.7","Control","*D. simulans*"
"166","TotX",26,"G",656,2586,0.253673627223511,"hyb.c.8","Control","*D. simulans*"
"167","TotX",26,"G",688,2985,0.230485762144054,"hyb.c.9","Control","*D. simulans*"
"168","BomS1",19,"A",3271,5726,0.571253929444638,"hyb.c.1","Control","*D. simulans*"
"169","BomS1",19,"A",3905,4774,0.817972350230415,"hyb.c.10","Control","*D. simulans*"
"170","BomS1",19,"A",3593,5213,0.689238442355649,"hyb.c.2","Control","*D. simulans*"
"171","BomS1",19,"A",3463,5137,0.674128868989683,"hyb.c.3","Control","*D. simulans*"
"172","BomS1",19,"A",3604,4994,0.721665999199039,"hyb.c.4","Control","*D. simulans*"
"173","BomS1",19,"A",3697,5508,0.671205519244735,"hyb.c.5","Control","*D. simulans*"
"174","BomS1",19,"A",4074,4850,0.84,"hyb.c.6","Control","*D. simulans*"
"175","BomS1",19,"A",3209,4639,0.691743910325501,"hyb.c.7","Control","*D. simulans*"
"176","BomS1",19,"A",3718,5105,0.728305582761998,"hyb.c.8","Control","*D. simulans*"
"177","BomS1",19,"A",4012,5050,0.794455445544554,"hyb.c.9","Control","*D. simulans*"
"178","CecA1",46,"G",2152,3941,0.546054300938848,"hyb.c.1","Control","*D. simulans*"
"179","CecA1",46,"G",1114,2670,0.417228464419476,"hyb.c.10","Control","*D. simulans*"
"180","CecA1",46,"G",1720,3709,0.463736856295497,"hyb.c.2","Control","*D. simulans*"
"181","CecA1",46,"G",1577,3747,0.420870029356819,"hyb.c.3","Control","*D. simulans*"
"182","CecA1",46,"G",1476,3792,0.389240506329114,"hyb.c.4","Control","*D. simulans*"
"183","CecA1",46,"G",1501,3848,0.390072765072765,"hyb.c.5","Control","*D. simulans*"
"184","CecA1",46,"G",2172,4342,0.500230308613542,"hyb.c.6","Control","*D. simulans*"
"185","CecA1",46,"G",1546,3166,0.48831332912192,"hyb.c.7","Control","*D. simulans*"
"186","CecA1",46,"G",1785,3800,0.469736842105263,"hyb.c.8","Control","*D. simulans*"
"187","CecA1",46,"G",1496,3609,0.414519257412025,"hyb.c.9","Control","*D. simulans*"
"188","CecC",20,"A",820,1266,0.647709320695103,"hyb.c.1","Control","*D. simulans*"
"189","CecC",20,"A",1807,2833,0.637839745852453,"hyb.c.10","Control","*D. simulans*"
"190","CecC",20,"A",1540,2370,0.649789029535865,"hyb.c.2","Control","*D. simulans*"
"191","CecC",20,"A",1427,2330,0.61244635193133,"hyb.c.3","Control","*D. simulans*"
"192","CecC",20,"A",2005,2881,0.695938910100659,"hyb.c.4","Control","*D. simulans*"
"193","CecC",20,"A",2155,3230,0.6671826625387,"hyb.c.5","Control","*D. simulans*"
"194","CecC",20,"A",1373,2157,0.636532220676866,"hyb.c.6","Control","*D. simulans*"
"195","CecC",20,"A",1984,2837,0.699330278463165,"hyb.c.7","Control","*D. simulans*"
"196","CecC",20,"A",1555,2052,0.757797270955166,"hyb.c.8","Control","*D. simulans*"
"197","CecC",20,"A",1340,2070,0.647342995169082,"hyb.c.9","Control","*D. simulans*"
"198","TotB",54,"T",304,317,0.958990536277603,"hyb.c.1","Control","*D. simulans*"
"199","TotB",54,"T",604,899,0.671857619577308,"hyb.c.10","Control","*D. simulans*"
"200","TotB",54,"T",502,603,0.832504145936982,"hyb.c.2","Control","*D. simulans*"
"201","TotB",54,"T",272,522,0.521072796934866,"hyb.c.3","Control","*D. simulans*"
"202","TotB",54,"T",1525,2064,0.738856589147287,"hyb.c.4","Control","*D. simulans*"
"203","TotB",54,"T",591,755,0.782781456953642,"hyb.c.5","Control","*D. simulans*"
"204","TotB",54,"T",255,284,0.897887323943662,"hyb.c.6","Control","*D. simulans*"
"205","TotB",54,"T",126,172,0.732558139534884,"hyb.c.7","Control","*D. simulans*"
"206","TotB",54,"T",211,240,0.879166666666667,"hyb.c.8","Control","*D. simulans*"
"207","TotB",54,"T",553,865,0.639306358381503,"hyb.c.9","Control","*D. simulans*"
"208","BomBc1",24,"G",800,1724,0.464037122969838,"hyb.c.1","Control","*D. sechellia*"
"209","BomBc1",24,"G",756,2264,0.333922261484099,"hyb.c.10","Control","*D. sechellia*"
"210","BomBc1",24,"G",940,3103,0.302932645826619,"hyb.c.2","Control","*D. sechellia*"
"211","BomBc1",24,"G",747,2151,0.347280334728033,"hyb.c.4","Control","*D. sechellia*"
"212","BomBc1",24,"G",1005,2846,0.353127196064652,"hyb.c.5","Control","*D. sechellia*"
"213","BomBc1",24,"G",885,2544,0.347877358490566,"hyb.c.6","Control","*D. sechellia*"
"214","BomBc1",24,"G",969,2608,0.371549079754601,"hyb.c.7","Control","*D. sechellia*"
"215","BomBc1",24,"G",878,2673,0.32846988402544,"hyb.c.8","Control","*D. sechellia*"
"216","BomBc1",24,"G",619,1307,0.473603672532517,"hyb.c.9","Control","*D. sechellia*"
"217","Indy",38,"A",2736,4007,0.682805091090592,"hyb.c.1","Control","*D. sechellia*"
"218","Indy",38,"A",2331,3934,0.592526690391459,"hyb.c.10","Control","*D. sechellia*"
"219","Indy",38,"A",2444,3841,0.63629263212705,"hyb.c.2","Control","*D. sechellia*"
"220","Indy",38,"A",2680,4087,0.655737704918033,"hyb.c.3","Control","*D. sechellia*"
"221","Indy",38,"A",2472,3816,0.647798742138365,"hyb.c.4","Control","*D. sechellia*"
"222","Indy",38,"A",1770,2804,0.631241084165478,"hyb.c.5","Control","*D. sechellia*"
"223","Indy",38,"A",2390,3944,0.605983772819473,"hyb.c.6","Control","*D. sechellia*"
"224","Indy",38,"A",2136,3624,0.589403973509934,"hyb.c.7","Control","*D. sechellia*"
"225","Indy",38,"A",2544,4325,0.588208092485549,"hyb.c.8","Control","*D. sechellia*"
"226","Indy",38,"A",2551,4260,0.598826291079812,"hyb.c.9","Control","*D. sechellia*"
"227","CG8850",57,"A",644,2952,0.218157181571816,"hyb.c.1","Control","*D. sechellia*"
"228","CG8850",57,"A",476,2646,0.17989417989418,"hyb.c.10","Control","*D. sechellia*"
"229","CG8850",57,"A",621,2632,0.235942249240122,"hyb.c.2","Control","*D. sechellia*"
"230","CG8850",57,"A",823,2926,0.281271360218729,"hyb.c.3","Control","*D. sechellia*"
"231","CG8850",57,"A",409,2193,0.186502507979936,"hyb.c.4","Control","*D. sechellia*"
"232","CG8850",57,"A",384,1954,0.196519959058342,"hyb.c.5","Control","*D. sechellia*"
"233","CG8850",57,"A",371,2753,0.134762077733382,"hyb.c.6","Control","*D. sechellia*"
"234","CG8850",57,"A",431,2478,0.173930589184826,"hyb.c.7","Control","*D. sechellia*"
"235","CG8850",57,"A",398,2967,0.134142231209976,"hyb.c.8","Control","*D. sechellia*"
"236","CG8850",57,"A",443,2995,0.147913188647746,"hyb.c.9","Control","*D. sechellia*"
"237","CG16772",29,"G",2733,4580,0.596724890829694,"hyb.c.1","Control","*D. sechellia*"
"238","CG16772",29,"G",1873,3191,0.586963334377938,"hyb.c.10","Control","*D. sechellia*"
"239","CG16772",29,"G",2133,3666,0.581833060556465,"hyb.c.2","Control","*D. sechellia*"
"240","CG16772",29,"G",2396,4108,0.583252190847128,"hyb.c.3","Control","*D. sechellia*"
"241","CG16772",29,"G",2411,4051,0.595161688471982,"hyb.c.4","Control","*D. sechellia*"
"242","CG16772",29,"G",2573,4589,0.560688603181521,"hyb.c.5","Control","*D. sechellia*"
"243","CG16772",29,"G",2539,4322,0.587459509486349,"hyb.c.6","Control","*D. sechellia*"
"244","CG16772",29,"G",1890,3642,0.518945634266886,"hyb.c.7","Control","*D. sechellia*"
"245","CG16772",29,"G",2440,4344,0.561694290976059,"hyb.c.8","Control","*D. sechellia*"
"246","CG16772",29,"G",2687,4379,0.613610413336378,"hyb.c.9","Control","*D. sechellia*"
"247","BomBc3",36,"A",1340,5102,0.262642101136809,"hyb.c.1","Control","*D. sechellia*"
"248","BomBc3",36,"A",606,4636,0.130716134598792,"hyb.c.10","Control","*D. sechellia*"
"249","BomBc3",36,"A",2055,5254,0.391130567186905,"hyb.c.2","Control","*D. sechellia*"
"250","BomBc3",36,"A",1432,4914,0.291412291412291,"hyb.c.3","Control","*D. sechellia*"
"251","BomBc3",36,"A",1288,4089,0.314991440449988,"hyb.c.4","Control","*D. sechellia*"
"252","BomBc3",36,"A",1746,5787,0.301710730948678,"hyb.c.5","Control","*D. sechellia*"
"253","BomBc3",36,"A",974,5908,0.164861205145565,"hyb.c.6","Control","*D. sechellia*"
"254","BomBc3",36,"A",1115,4799,0.232340070848093,"hyb.c.7","Control","*D. sechellia*"
"255","BomBc3",36,"A",1336,5915,0.225866441251057,"hyb.c.8","Control","*D. sechellia*"
"256","BomBc3",36,"A",834,5488,0.151967930029155,"hyb.c.9","Control","*D. sechellia*"
"257","BomBc2",20,"A",4169,4189,0.995225590833134,"hyb.c.1","Control","*D. sechellia*"
"258","BomBc2",20,"A",2112,2289,0.922673656618611,"hyb.c.10","Control","*D. sechellia*"
"259","BomBc2",20,"A",5206,5572,0.934314429289304,"hyb.c.2","Control","*D. sechellia*"
"260","BomBc2",20,"A",4634,5278,0.877984084880637,"hyb.c.3","Control","*D. sechellia*"
"261","BomBc2",20,"A",3946,4107,0.960798636474312,"hyb.c.4","Control","*D. sechellia*"
"262","BomBc2",20,"A",4847,5237,0.9255298835211,"hyb.c.5","Control","*D. sechellia*"
"263","BomBc2",20,"A",2869,2956,0.970568335588633,"hyb.c.6","Control","*D. sechellia*"
"264","BomBc2",20,"A",3576,4563,0.783694937541091,"hyb.c.7","Control","*D. sechellia*"
"265","BomBc2",20,"A",3826,4013,0.953401445302766,"hyb.c.8","Control","*D. sechellia*"
"266","BomBc2",20,"A",2036,2134,0.954076850984067,"hyb.c.9","Control","*D. sechellia*"
"267","Mtk",23,"G",2883,3504,0.82277397260274,"hyb.c.1","Control","*D. sechellia*"
"268","Mtk",23,"G",2781,3409,0.815781754180111,"hyb.c.10","Control","*D. sechellia*"
"269","Mtk",23,"G",2250,2785,0.807899461400359,"hyb.c.2","Control","*D. sechellia*"
"270","Mtk",23,"G",2625,3514,0.747011952191235,"hyb.c.3","Control","*D. sechellia*"
"271","Mtk",23,"G",1979,3165,0.625276461295419,"hyb.c.4","Control","*D. sechellia*"
"272","Mtk",23,"G",2849,3735,0.762784471218206,"hyb.c.5","Control","*D. sechellia*"
"273","Mtk",23,"G",3060,3728,0.820815450643777,"hyb.c.6","Control","*D. sechellia*"
"274","Mtk",23,"G",2590,2919,0.887290167865707,"hyb.c.7","Control","*D. sechellia*"
"275","Mtk",23,"G",2956,3407,0.867625476959202,"hyb.c.8","Control","*D. sechellia*"
"276","Mtk",23,"G",3161,3788,0.834477296726505,"hyb.c.9","Control","*D. sechellia*"
"277","edin",100,"G",1185,3308,0.358222490931076,"hyb.c.1","Control","*D. sechellia*"
"278","edin",100,"G",1232,3025,0.407272727272727,"hyb.c.10","Control","*D. sechellia*"
"279","edin",100,"G",1052,3357,0.313375037235627,"hyb.c.2","Control","*D. sechellia*"
"280","edin",100,"G",971,3494,0.277904979965655,"hyb.c.3","Control","*D. sechellia*"
"281","edin",100,"G",916,3078,0.297595841455491,"hyb.c.4","Control","*D. sechellia*"
"282","edin",100,"G",1199,3482,0.344342331993107,"hyb.c.5","Control","*D. sechellia*"
"283","edin",100,"G",1233,3071,0.401497883425594,"hyb.c.6","Control","*D. sechellia*"
"284","edin",100,"G",871,2425,0.359175257731959,"hyb.c.7","Control","*D. sechellia*"
"285","edin",100,"G",1237,3213,0.384998443821973,"hyb.c.8","Control","*D. sechellia*"
"286","edin",100,"G",1170,3087,0.379008746355685,"hyb.c.9","Control","*D. sechellia*"
"287","TotX",26,"A",1494,2060,0.725242718446602,"hyb.c.1","Control","*D. sechellia*"
"288","TotX",26,"A",1519,2387,0.636363636363636,"hyb.c.10","Control","*D. sechellia*"
"289","TotX",26,"A",1502,3122,0.481101857783472,"hyb.c.2","Control","*D. sechellia*"
"290","TotX",26,"A",2011,2854,0.704625087596356,"hyb.c.3","Control","*D. sechellia*"
"291","TotX",26,"A",1338,3165,0.422748815165877,"hyb.c.4","Control","*D. sechellia*"
"292","TotX",26,"A",1839,2933,0.627003068530515,"hyb.c.5","Control","*D. sechellia*"
"293","TotX",26,"A",2426,3096,0.78359173126615,"hyb.c.6","Control","*D. sechellia*"
"294","TotX",26,"A",1563,1893,0.8256735340729,"hyb.c.7","Control","*D. sechellia*"
"295","TotX",26,"A",1926,2586,0.744779582366589,"hyb.c.8","Control","*D. sechellia*"
"296","TotX",26,"A",2295,2985,0.768844221105528,"hyb.c.9","Control","*D. sechellia*"
"297","BomS1",19,"T",2452,5726,0.428222144603563,"hyb.c.1","Control","*D. sechellia*"
"298","BomS1",19,"T",867,4774,0.181608713866778,"hyb.c.10","Control","*D. sechellia*"
"299","BomS1",19,"T",1620,5213,0.310761557644351,"hyb.c.2","Control","*D. sechellia*"
"300","BomS1",19,"T",1672,5137,0.325481798715203,"hyb.c.3","Control","*D. sechellia*"
"301","BomS1",19,"T",1387,4994,0.277733279935923,"hyb.c.4","Control","*D. sechellia*"
"302","BomS1",19,"T",1805,5508,0.327705156136529,"hyb.c.5","Control","*D. sechellia*"
"303","BomS1",19,"T",773,4850,0.159381443298969,"hyb.c.6","Control","*D. sechellia*"
"304","BomS1",19,"T",1428,4639,0.307824962276353,"hyb.c.7","Control","*D. sechellia*"
"305","BomS1",19,"T",1382,5105,0.270714985308521,"hyb.c.8","Control","*D. sechellia*"
"306","BomS1",19,"T",1035,5050,0.204950495049505,"hyb.c.9","Control","*D. sechellia*"
"307","CecA1",46,"A",1787,3941,0.453438213651358,"hyb.c.1","Control","*D. sechellia*"
"308","CecA1",46,"A",1552,2670,0.5812734082397,"hyb.c.10","Control","*D. sechellia*"
"309","CecA1",46,"A",1984,3709,0.53491507144783,"hyb.c.2","Control","*D. sechellia*"
"310","CecA1",46,"A",2166,3747,0.578062449959968,"hyb.c.3","Control","*D. sechellia*"
"311","CecA1",46,"A",2312,3792,0.609704641350211,"hyb.c.4","Control","*D. sechellia*"
"312","CecA1",46,"A",2347,3848,0.609927234927235,"hyb.c.5","Control","*D. sechellia*"
"313","CecA1",46,"A",2169,4342,0.499539382772916,"hyb.c.6","Control","*D. sechellia*"
"314","CecA1",46,"A",1618,3166,0.511054958938724,"hyb.c.7","Control","*D. sechellia*"
"315","CecA1",46,"A",2014,3800,0.53,"hyb.c.8","Control","*D. sechellia*"
"316","CecA1",46,"A",2110,3609,0.58464948739263,"hyb.c.9","Control","*D. sechellia*"
"317","CecC",20,"G",445,1266,0.351500789889415,"hyb.c.1","Control","*D. sechellia*"
"318","CecC",20,"G",1026,2833,0.362160254147547,"hyb.c.10","Control","*D. sechellia*"
"319","CecC",20,"G",830,2370,0.350210970464135,"hyb.c.2","Control","*D. sechellia*"
"320","CecC",20,"G",901,2330,0.386695278969957,"hyb.c.3","Control","*D. sechellia*"
"321","CecC",20,"G",876,2881,0.30406108989934,"hyb.c.4","Control","*D. sechellia*"
"322","CecC",20,"G",1075,3230,0.3328173374613,"hyb.c.5","Control","*D. sechellia*"
"323","CecC",20,"G",784,2157,0.363467779323134,"hyb.c.6","Control","*D. sechellia*"
"324","CecC",20,"G",852,2837,0.300317236517448,"hyb.c.7","Control","*D. sechellia*"
"325","CecC",20,"G",497,2052,0.242202729044834,"hyb.c.8","Control","*D. sechellia*"
"326","CecC",20,"G",728,2070,0.351690821256039,"hyb.c.9","Control","*D. sechellia*"
"327","TotB",54,"C",13,317,0.0410094637223975,"hyb.c.1","Control","*D. sechellia*"
"328","TotB",54,"C",295,899,0.328142380422692,"hyb.c.10","Control","*D. sechellia*"
"329","TotB",54,"C",101,603,0.167495854063018,"hyb.c.2","Control","*D. sechellia*"
"330","TotB",54,"C",250,522,0.478927203065134,"hyb.c.3","Control","*D. sechellia*"
"331","TotB",54,"C",538,2064,0.260658914728682,"hyb.c.4","Control","*D. sechellia*"
"332","TotB",54,"C",164,755,0.217218543046358,"hyb.c.5","Control","*D. sechellia*"
"333","TotB",54,"C",29,284,0.102112676056338,"hyb.c.6","Control","*D. sechellia*"
"334","TotB",54,"C",46,172,0.267441860465116,"hyb.c.7","Control","*D. sechellia*"
"335","TotB",54,"C",29,240,0.120833333333333,"hyb.c.8","Control","*D. sechellia*"
"336","TotB",54,"C",312,865,0.360693641618497,"hyb.c.9","Control","*D. sechellia*"
"337","BomBc1",24,"T",1226,2626,0.466869763899467,"hyb.w.1","Wasp","*D. simulans*"
"338","BomBc1",24,"T",1335,2578,0.517843289371606,"hyb.w.10","Wasp","*D. simulans*"
"339","BomBc1",24,"T",1380,1981,0.696617869762746,"hyb.w.2","Wasp","*D. simulans*"
"340","BomBc1",24,"T",2293,2808,0.816595441595442,"hyb.w.3","Wasp","*D. simulans*"
"341","BomBc1",24,"T",1194,1879,0.635444385311336,"hyb.w.4","Wasp","*D. simulans*"
"342","BomBc1",24,"T",1251,1864,0.671137339055794,"hyb.w.5","Wasp","*D. simulans*"
"343","BomBc1",24,"T",1674,2435,0.687474332648871,"hyb.w.6","Wasp","*D. simulans*"
"344","BomBc1",24,"T",1454,2449,0.593711719069008,"hyb.w.7","Wasp","*D. simulans*"
"345","BomBc1",24,"T",1225,2197,0.557578516158398,"hyb.w.8","Wasp","*D. simulans*"
"346","BomBc1",24,"T",1668,2941,0.567154029241755,"hyb.w.9","Wasp","*D. simulans*"
"347","Indy",38,"C",1186,3400,0.348823529411765,"hyb.w.1","Wasp","*D. simulans*"
"348","Indy",38,"C",1431,4113,0.347921225382932,"hyb.w.10","Wasp","*D. simulans*"
"349","Indy",38,"C",1210,3412,0.354630715123095,"hyb.w.2","Wasp","*D. simulans*"
"350","Indy",38,"C",1365,3903,0.349730976172175,"hyb.w.3","Wasp","*D. simulans*"
"351","Indy",38,"C",902,2560,0.35234375,"hyb.w.4","Wasp","*D. simulans*"
"352","Indy",38,"C",1272,3322,0.382901866345575,"hyb.w.5","Wasp","*D. simulans*"
"353","Indy",38,"C",1228,3590,0.342061281337047,"hyb.w.6","Wasp","*D. simulans*"
"354","Indy",38,"C",1504,4195,0.358522050059595,"hyb.w.7","Wasp","*D. simulans*"
"355","Indy",38,"C",2048,5758,0.35567905522751,"hyb.w.8","Wasp","*D. simulans*"
"356","Indy",38,"C",1437,4287,0.33519944016795,"hyb.w.9","Wasp","*D. simulans*"
"357","CG8850",57,"T",1757,2483,0.707611759967781,"hyb.w.1","Wasp","*D. simulans*"
"358","CG8850",57,"T",2020,2557,0.789988267500978,"hyb.w.10","Wasp","*D. simulans*"
"359","CG8850",57,"T",1370,1852,0.739740820734341,"hyb.w.2","Wasp","*D. simulans*"
"360","CG8850",57,"T",2302,2817,0.817181398651047,"hyb.w.3","Wasp","*D. simulans*"
"361","CG8850",57,"T",1548,1906,0.812172088142707,"hyb.w.4","Wasp","*D. simulans*"
"362","CG8850",57,"T",1809,2351,0.769459804338579,"hyb.w.5","Wasp","*D. simulans*"
"363","CG8850",57,"T",1807,2258,0.800265721877768,"hyb.w.6","Wasp","*D. simulans*"
"364","CG8850",57,"T",2387,2957,0.807237064592492,"hyb.w.7","Wasp","*D. simulans*"
"365","CG8850",57,"T",1969,2488,0.791398713826367,"hyb.w.8","Wasp","*D. simulans*"
"366","CG8850",57,"T",2328,2943,0.791029561671764,"hyb.w.9","Wasp","*D. simulans*"
"367","CG16772",29,"A",1528,3532,0.432616081540204,"hyb.w.1","Wasp","*D. simulans*"
"368","CG16772",29,"A",1791,3896,0.459702258726899,"hyb.w.10","Wasp","*D. simulans*"
"369","CG16772",29,"A",1632,3807,0.428684003152088,"hyb.w.2","Wasp","*D. simulans*"
"370","CG16772",29,"A",1708,4016,0.425298804780877,"hyb.w.3","Wasp","*D. simulans*"
"371","CG16772",29,"A",1354,2933,0.46164336856461,"hyb.w.4","Wasp","*D. simulans*"
"372","CG16772",29,"A",1640,3714,0.441572428648358,"hyb.w.5","Wasp","*D. simulans*"
"373","CG16772",29,"A",1456,3319,0.438686351310636,"hyb.w.6","Wasp","*D. simulans*"
"374","CG16772",29,"A",1899,4179,0.454414931801866,"hyb.w.7","Wasp","*D. simulans*"
"375","CG16772",29,"A",2038,4537,0.449195503636764,"hyb.w.8","Wasp","*D. simulans*"
"376","CG16772",29,"A",1941,4364,0.444775435380385,"hyb.w.9","Wasp","*D. simulans*"
"377","BomBc3",36,"C",2684,3796,0.707060063224447,"hyb.w.1","Wasp","*D. simulans*"
"378","BomBc3",36,"C",3535,5115,0.691104594330401,"hyb.w.10","Wasp","*D. simulans*"
"379","BomBc3",36,"C",2937,4884,0.601351351351351,"hyb.w.2","Wasp","*D. simulans*"
"380","BomBc3",36,"C",2833,4371,0.648135438114848,"hyb.w.3","Wasp","*D. simulans*"
"381","BomBc3",36,"C",2435,3678,0.662044589450788,"hyb.w.4","Wasp","*D. simulans*"
"382","BomBc3",36,"C",2798,4176,0.670019157088123,"hyb.w.5","Wasp","*D. simulans*"
"383","BomBc3",36,"C",2700,4214,0.640721404841006,"hyb.w.6","Wasp","*D. simulans*"
"384","BomBc3",36,"C",3174,5009,0.633659413056498,"hyb.w.7","Wasp","*D. simulans*"
"385","BomBc3",36,"C",5330,7562,0.704839989420788,"hyb.w.8","Wasp","*D. simulans*"
"386","BomBc3",36,"C",3573,5744,0.622040389972145,"hyb.w.9","Wasp","*D. simulans*"
"387","BomBc2",20,"G",1865,4347,0.429031515988038,"hyb.w.1","Wasp","*D. simulans*"
"388","BomBc2",20,"G",585,4167,0.140388768898488,"hyb.w.10","Wasp","*D. simulans*"
"389","BomBc2",20,"G",199,3131,0.0635579687000958,"hyb.w.2","Wasp","*D. simulans*"
"390","BomBc2",20,"G",252,4400,0.0572727272727273,"hyb.w.3","Wasp","*D. simulans*"
"391","BomBc2",20,"G",20,3744,0.00534188034188034,"hyb.w.4","Wasp","*D. simulans*"
"392","BomBc2",20,"G",1598,4236,0.37724268177526,"hyb.w.5","Wasp","*D. simulans*"
"393","BomBc2",20,"G",351,3896,0.0900924024640657,"hyb.w.6","Wasp","*D. simulans*"
"394","BomBc2",20,"G",544,3180,0.171069182389937,"hyb.w.7","Wasp","*D. simulans*"
"395","BomBc2",20,"G",412,6666,0.0618061806180618,"hyb.w.8","Wasp","*D. simulans*"
"396","BomBc2",20,"G",908,5797,0.156632741072969,"hyb.w.9","Wasp","*D. simulans*"
"397","Mtk",23,"C",1508,3207,0.470221390707827,"hyb.w.1","Wasp","*D. simulans*"
"398","Mtk",23,"C",1320,3323,0.397231417393921,"hyb.w.10","Wasp","*D. simulans*"
"399","Mtk",23,"C",796,2405,0.330977130977131,"hyb.w.2","Wasp","*D. simulans*"
"400","Mtk",23,"C",1482,3842,0.385736595523165,"hyb.w.3","Wasp","*D. simulans*"
"401","Mtk",23,"C",843,2512,0.335589171974522,"hyb.w.4","Wasp","*D. simulans*"
"402","Mtk",23,"C",1084,2980,0.363758389261745,"hyb.w.5","Wasp","*D. simulans*"
"403","Mtk",23,"C",1030,2907,0.354317165462676,"hyb.w.6","Wasp","*D. simulans*"
"404","Mtk",23,"C",1291,3518,0.366969869243889,"hyb.w.7","Wasp","*D. simulans*"
"405","Mtk",23,"C",1499,4962,0.302095929060863,"hyb.w.8","Wasp","*D. simulans*"
"406","Mtk",23,"C",1674,3814,0.438909281594127,"hyb.w.9","Wasp","*D. simulans*"
"407","edin",100,"A",1762,2910,0.605498281786942,"hyb.w.1","Wasp","*D. simulans*"
"408","edin",100,"A",2235,3232,0.691522277227723,"hyb.w.10","Wasp","*D. simulans*"
"409","edin",100,"A",2289,3407,0.671852069269152,"hyb.w.2","Wasp","*D. simulans*"
"410","edin",100,"A",2197,3382,0.649615612063868,"hyb.w.3","Wasp","*D. simulans*"
"411","edin",100,"A",1588,2357,0.673737802291048,"hyb.w.4","Wasp","*D. simulans*"
"412","edin",100,"A",1813,3091,0.586541572306697,"hyb.w.5","Wasp","*D. simulans*"
"413","edin",100,"A",2020,2887,0.699688257706962,"hyb.w.6","Wasp","*D. simulans*"
"414","edin",100,"A",2486,3453,0.719953663481031,"hyb.w.7","Wasp","*D. simulans*"
"415","edin",100,"A",2748,3957,0.694465504169826,"hyb.w.8","Wasp","*D. simulans*"
"416","edin",100,"A",2334,3737,0.624565159218625,"hyb.w.9","Wasp","*D. simulans*"
"417","TotX",26,"G",1647,2591,0.635661906599768,"hyb.w.1","Wasp","*D. simulans*"
"418","TotX",26,"G",1602,3069,0.521994134897361,"hyb.w.10","Wasp","*D. simulans*"
"419","TotX",26,"G",1692,2432,0.695723684210526,"hyb.w.2","Wasp","*D. simulans*"
"420","TotX",26,"G",1363,2224,0.612859712230216,"hyb.w.3","Wasp","*D. simulans*"
"421","TotX",26,"G",1574,2278,0.690956979806848,"hyb.w.4","Wasp","*D. simulans*"
"422","TotX",26,"G",1375,2191,0.627567320858056,"hyb.w.5","Wasp","*D. simulans*"
"423","TotX",26,"G",1234,2627,0.46973734297678,"hyb.w.6","Wasp","*D. simulans*"
"424","TotX",26,"G",1653,3149,0.524928548745634,"hyb.w.7","Wasp","*D. simulans*"
"425","TotX",26,"G",1621,4316,0.375579240037071,"hyb.w.8","Wasp","*D. simulans*"
"426","TotX",26,"G",1573,3012,0.522244355909695,"hyb.w.9","Wasp","*D. simulans*"
"427","BomS1",19,"A",2916,4395,0.663481228668942,"hyb.w.1","Wasp","*D. simulans*"
"428","BomS1",19,"A",3293,4964,0.663376309427881,"hyb.w.10","Wasp","*D. simulans*"
"429","BomS1",19,"A",3515,4672,0.752354452054795,"hyb.w.2","Wasp","*D. simulans*"
"430","BomS1",19,"A",3996,4242,0.942008486562942,"hyb.w.3","Wasp","*D. simulans*"
"431","BomS1",19,"A",2387,3352,0.712112171837709,"hyb.w.4","Wasp","*D. simulans*"
"432","BomS1",19,"A",3597,4702,0.764993619736282,"hyb.w.5","Wasp","*D. simulans*"
"433","BomS1",19,"A",3352,4338,0.772706316274781,"hyb.w.6","Wasp","*D. simulans*"
"434","BomS1",19,"A",3620,5090,0.711198428290766,"hyb.w.7","Wasp","*D. simulans*"
"435","BomS1",19,"A",4362,6587,0.662213450736299,"hyb.w.8","Wasp","*D. simulans*"
"436","BomS1",19,"A",3734,5610,0.665597147950089,"hyb.w.9","Wasp","*D. simulans*"
"437","CecA1",46,"G",858,3250,0.264,"hyb.w.1","Wasp","*D. simulans*"
"438","CecA1",46,"G",1527,3313,0.460911560519167,"hyb.w.10","Wasp","*D. simulans*"
"439","CecA1",46,"G",1598,3903,0.409428644632334,"hyb.w.2","Wasp","*D. simulans*"
"440","CecA1",46,"G",645,3345,0.192825112107623,"hyb.w.3","Wasp","*D. simulans*"
"441","CecA1",46,"G",1257,2592,0.484953703703704,"hyb.w.4","Wasp","*D. simulans*"
"442","CecA1",46,"G",987,3245,0.304160246533128,"hyb.w.5","Wasp","*D. simulans*"
"443","CecA1",46,"G",792,2959,0.267657992565056,"hyb.w.6","Wasp","*D. simulans*"
"444","CecA1",46,"G",1515,3563,0.425203480213303,"hyb.w.7","Wasp","*D. simulans*"
"445","CecA1",46,"G",2510,5083,0.493802872319496,"hyb.w.8","Wasp","*D. simulans*"
"446","CecA1",46,"G",1637,3956,0.413801820020222,"hyb.w.9","Wasp","*D. simulans*"
"447","CecC",20,"A",1662,3888,0.427469135802469,"hyb.w.1","Wasp","*D. simulans*"
"448","CecC",20,"A",2249,3463,0.649436904418135,"hyb.w.10","Wasp","*D. simulans*"
"449","CecC",20,"A",1142,2383,0.479227864036928,"hyb.w.2","Wasp","*D. simulans*"
"450","CecC",20,"A",1609,3571,0.450574068888267,"hyb.w.3","Wasp","*D. simulans*"
"451","CecC",20,"A",1445,2317,0.623651273198101,"hyb.w.4","Wasp","*D. simulans*"
"452","CecC",20,"A",1020,3174,0.321361058601134,"hyb.w.5","Wasp","*D. simulans*"
"453","CecC",20,"A",1369,2647,0.517189270872686,"hyb.w.6","Wasp","*D. simulans*"
"454","CecC",20,"A",1852,2809,0.659309362762549,"hyb.w.7","Wasp","*D. simulans*"
"455","CecC",20,"A",1283,2122,0.604618284637135,"hyb.w.8","Wasp","*D. simulans*"
"456","CecC",20,"A",2184,3703,0.589792060491493,"hyb.w.9","Wasp","*D. simulans*"
"457","TotB",54,"T",749,865,0.865895953757225,"hyb.w.1","Wasp","*D. simulans*"
"458","TotB",54,"T",1503,1886,0.796924708377519,"hyb.w.10","Wasp","*D. simulans*"
"459","TotB",54,"T",374,388,0.963917525773196,"hyb.w.2","Wasp","*D. simulans*"
"460","TotB",54,"T",572,618,0.925566343042071,"hyb.w.3","Wasp","*D. simulans*"
"461","TotB",54,"T",248,253,0.980237154150198,"hyb.w.4","Wasp","*D. simulans*"
"462","TotB",54,"T",49,49,1,"hyb.w.5","Wasp","*D. simulans*"
"463","TotB",54,"T",208,208,1,"hyb.w.6","Wasp","*D. simulans*"
"464","TotB",54,"T",242,292,0.828767123287671,"hyb.w.7","Wasp","*D. simulans*"
"465","TotB",54,"T",177,245,0.722448979591837,"hyb.w.8","Wasp","*D. simulans*"
"466","TotB",54,"T",249,348,0.71551724137931,"hyb.w.9","Wasp","*D. simulans*"
"467","BomBc1",24,"G",1399,2626,0.532749428789033,"hyb.w.1","Wasp","*D. sechellia*"
"468","BomBc1",24,"G",1239,2578,0.480605120248254,"hyb.w.10","Wasp","*D. sechellia*"
"469","BomBc1",24,"G",601,1981,0.303382130237254,"hyb.w.2","Wasp","*D. sechellia*"
"470","BomBc1",24,"G",511,2808,0.181980056980057,"hyb.w.3","Wasp","*D. sechellia*"
"471","BomBc1",24,"G",685,1879,0.364555614688664,"hyb.w.4","Wasp","*D. sechellia*"
"472","BomBc1",24,"G",613,1864,0.328862660944206,"hyb.w.5","Wasp","*D. sechellia*"
"473","BomBc1",24,"G",760,2435,0.31211498973306,"hyb.w.6","Wasp","*D. sechellia*"
"474","BomBc1",24,"G",994,2449,0.405879951000408,"hyb.w.7","Wasp","*D. sechellia*"
"475","BomBc1",24,"G",972,2197,0.442421483841602,"hyb.w.8","Wasp","*D. sechellia*"
"476","BomBc1",24,"G",1271,2941,0.432165929955797,"hyb.w.9","Wasp","*D. sechellia*"
"477","Indy",38,"A",2210,3400,0.65,"hyb.w.1","Wasp","*D. sechellia*"
"478","Indy",38,"A",2682,4113,0.652078774617068,"hyb.w.10","Wasp","*D. sechellia*"
"479","Indy",38,"A",2197,3412,0.64390386869871,"hyb.w.2","Wasp","*D. sechellia*"
"480","Indy",38,"A",2532,3903,0.648731744811683,"hyb.w.3","Wasp","*D. sechellia*"
"481","Indy",38,"A",1656,2560,0.646875,"hyb.w.4","Wasp","*D. sechellia*"
"482","Indy",38,"A",2049,3322,0.616797110174594,"hyb.w.5","Wasp","*D. sechellia*"
"483","Indy",38,"A",2358,3590,0.656824512534819,"hyb.w.6","Wasp","*D. sechellia*"
"484","Indy",38,"A",2688,4195,0.640762812872467,"hyb.w.7","Wasp","*D. sechellia*"
"485","Indy",38,"A",3710,5758,0.64432094477249,"hyb.w.8","Wasp","*D. sechellia*"
"486","Indy",38,"A",2846,4287,0.663867506414742,"hyb.w.9","Wasp","*D. sechellia*"
"487","CG8850",57,"A",721,2483,0.29037454691905,"hyb.w.1","Wasp","*D. sechellia*"
"488","CG8850",57,"A",533,2557,0.20844739929605,"hyb.w.10","Wasp","*D. sechellia*"
"489","CG8850",57,"A",480,1852,0.259179265658747,"hyb.w.2","Wasp","*D. sechellia*"
"490","CG8850",57,"A",505,2817,0.179268725594604,"hyb.w.3","Wasp","*D. sechellia*"
"491","CG8850",57,"A",352,1906,0.184679958027282,"hyb.w.4","Wasp","*D. sechellia*"
"492","CG8850",57,"A",540,2351,0.229689493832412,"hyb.w.5","Wasp","*D. sechellia*"
"493","CG8850",57,"A",449,2258,0.198848538529672,"hyb.w.6","Wasp","*D. sechellia*"
"494","CG8850",57,"A",566,2957,0.191410213053771,"hyb.w.7","Wasp","*D. sechellia*"
"495","CG8850",57,"A",516,2488,0.207395498392283,"hyb.w.8","Wasp","*D. sechellia*"
"496","CG8850",57,"A",606,2943,0.205912334352701,"hyb.w.9","Wasp","*D. sechellia*"
"497","CG16772",29,"G",1990,3532,0.563420158550396,"hyb.w.1","Wasp","*D. sechellia*"
"498","CG16772",29,"G",2102,3896,0.53952772073922,"hyb.w.10","Wasp","*D. sechellia*"
"499","CG16772",29,"G",2168,3807,0.569477278697137,"hyb.w.2","Wasp","*D. sechellia*"
"500","CG16772",29,"G",2301,4016,0.572958167330677,"hyb.w.3","Wasp","*D. sechellia*"
"501","CG16772",29,"G",1571,2933,0.53562904875554,"hyb.w.4","Wasp","*D. sechellia*"
"502","CG16772",29,"G",2052,3714,0.552504038772213,"hyb.w.5","Wasp","*D. sechellia*"
"503","CG16772",29,"G",1855,3319,0.558903284121723,"hyb.w.6","Wasp","*D. sechellia*"
"504","CG16772",29,"G",2273,4179,0.543910026322087,"hyb.w.7","Wasp","*D. sechellia*"
"505","CG16772",29,"G",2499,4537,0.550804496363236,"hyb.w.8","Wasp","*D. sechellia*"
"506","CG16772",29,"G",2411,4364,0.552474793767186,"hyb.w.9","Wasp","*D. sechellia*"
"507","BomBc3",36,"A",1108,3796,0.291886195995785,"hyb.w.1","Wasp","*D. sechellia*"
"508","BomBc3",36,"A",1579,5115,0.308699902248289,"hyb.w.10","Wasp","*D. sechellia*"
"509","BomBc3",36,"A",1944,4884,0.398034398034398,"hyb.w.2","Wasp","*D. sechellia*"
"510","BomBc3",36,"A",1532,4371,0.350491878288721,"hyb.w.3","Wasp","*D. sechellia*"
"511","BomBc3",36,"A",1242,3678,0.33768352365416,"hyb.w.4","Wasp","*D. sechellia*"
"512","BomBc3",36,"A",1375,4176,0.32926245210728,"hyb.w.5","Wasp","*D. sechellia*"
"513","BomBc3",36,"A",1511,4214,0.358566682486948,"hyb.w.6","Wasp","*D. sechellia*"
"514","BomBc3",36,"A",1829,5009,0.365142743062488,"hyb.w.7","Wasp","*D. sechellia*"
"515","BomBc3",36,"A",2230,7562,0.294895530282994,"hyb.w.8","Wasp","*D. sechellia*"
"516","BomBc3",36,"A",2166,5744,0.377089136490251,"hyb.w.9","Wasp","*D. sechellia*"
"517","BomBc2",20,"A",2481,4347,0.570738440303658,"hyb.w.1","Wasp","*D. sechellia*"
"518","BomBc2",20,"A",3582,4167,0.859611231101512,"hyb.w.10","Wasp","*D. sechellia*"
"519","BomBc2",20,"A",2930,3131,0.935803257745129,"hyb.w.2","Wasp","*D. sechellia*"
"520","BomBc2",20,"A",4146,4400,0.942272727272727,"hyb.w.3","Wasp","*D. sechellia*"
"521","BomBc2",20,"A",3724,3744,0.99465811965812,"hyb.w.4","Wasp","*D. sechellia*"
"522","BomBc2",20,"A",2638,4236,0.62275731822474,"hyb.w.5","Wasp","*D. sechellia*"
"523","BomBc2",20,"A",3545,3896,0.909907597535934,"hyb.w.6","Wasp","*D. sechellia*"
"524","BomBc2",20,"A",2634,3180,0.828301886792453,"hyb.w.7","Wasp","*D. sechellia*"
"525","BomBc2",20,"A",6252,6666,0.937893789378938,"hyb.w.8","Wasp","*D. sechellia*"
"526","BomBc2",20,"A",4888,5797,0.843194755908228,"hyb.w.9","Wasp","*D. sechellia*"
"527","Mtk",23,"G",1697,3207,0.529154973495479,"hyb.w.1","Wasp","*D. sechellia*"
"528","Mtk",23,"G",2000,3323,0.601865783930184,"hyb.w.10","Wasp","*D. sechellia*"
"529","Mtk",23,"G",1606,2405,0.667775467775468,"hyb.w.2","Wasp","*D. sechellia*"
"530","Mtk",23,"G",2357,3842,0.613482561166059,"hyb.w.3","Wasp","*D. sechellia*"
"531","Mtk",23,"G",1669,2512,0.664410828025478,"hyb.w.4","Wasp","*D. sechellia*"
"532","Mtk",23,"G",1892,2980,0.63489932885906,"hyb.w.5","Wasp","*D. sechellia*"
"533","Mtk",23,"G",1875,2907,0.64499484004128,"hyb.w.6","Wasp","*D. sechellia*"
"534","Mtk",23,"G",2221,3518,0.631324616259238,"hyb.w.7","Wasp","*D. sechellia*"
"535","Mtk",23,"G",3459,4962,0.697097944377267,"hyb.w.8","Wasp","*D. sechellia*"
"536","Mtk",23,"G",2136,3814,0.560041950707918,"hyb.w.9","Wasp","*D. sechellia*"
"537","edin",100,"G",1144,2910,0.393127147766323,"hyb.w.1","Wasp","*D. sechellia*"
"538","edin",100,"G",995,3232,0.307858910891089,"hyb.w.10","Wasp","*D. sechellia*"
"539","edin",100,"G",1114,3407,0.326973877311418,"hyb.w.2","Wasp","*D. sechellia*"
"540","edin",100,"G",1183,3382,0.349793021880544,"hyb.w.3","Wasp","*D. sechellia*"
"541","edin",100,"G",768,2357,0.325837929571489,"hyb.w.4","Wasp","*D. sechellia*"
"542","edin",100,"G",1276,3091,0.412811387900356,"hyb.w.5","Wasp","*D. sechellia*"
"543","edin",100,"G",866,2887,0.29996536196744,"hyb.w.6","Wasp","*D. sechellia*"
"544","edin",100,"G",967,3453,0.280046336518969,"hyb.w.7","Wasp","*D. sechellia*"
"545","edin",100,"G",1208,3957,0.3052817791256,"hyb.w.8","Wasp","*D. sechellia*"
"546","edin",100,"G",1397,3737,0.373829274819374,"hyb.w.9","Wasp","*D. sechellia*"
"547","TotX",26,"A",941,2591,0.363180239289849,"hyb.w.1","Wasp","*D. sechellia*"
"548","TotX",26,"A",1466,3069,0.477680026067123,"hyb.w.10","Wasp","*D. sechellia*"
"549","TotX",26,"A",738,2432,0.303453947368421,"hyb.w.2","Wasp","*D. sechellia*"
"550","TotX",26,"A",860,2224,0.386690647482014,"hyb.w.3","Wasp","*D. sechellia*"
"551","TotX",26,"A",698,2278,0.306409130816506,"hyb.w.4","Wasp","*D. sechellia*"
"552","TotX",26,"A",811,2191,0.370150616157006,"hyb.w.5","Wasp","*D. sechellia*"
"553","TotX",26,"A",1386,2627,0.527598020555767,"hyb.w.6","Wasp","*D. sechellia*"
"554","TotX",26,"A",1490,3149,0.473166084471261,"hyb.w.7","Wasp","*D. sechellia*"
"555","TotX",26,"A",2691,4316,0.623493975903614,"hyb.w.8","Wasp","*D. sechellia*"
"556","TotX",26,"A",1438,3012,0.47742363877822,"hyb.w.9","Wasp","*D. sechellia*"
"557","BomS1",19,"T",1475,4395,0.335608646188851,"hyb.w.1","Wasp","*D. sechellia*"
"558","BomS1",19,"T",1669,4964,0.336220789685737,"hyb.w.10","Wasp","*D. sechellia*"
"559","BomS1",19,"T",1155,4672,0.247217465753425,"hyb.w.2","Wasp","*D. sechellia*"
"560","BomS1",19,"T",243,4242,0.0572842998585573,"hyb.w.3","Wasp","*D. sechellia*"
"561","BomS1",19,"T",962,3352,0.286992840095465,"hyb.w.4","Wasp","*D. sechellia*"
"562","BomS1",19,"T",1104,4702,0.234793704806465,"hyb.w.5","Wasp","*D. sechellia*"
"563","BomS1",19,"T",986,4338,0.227293683725219,"hyb.w.6","Wasp","*D. sechellia*"
"564","BomS1",19,"T",1468,5090,0.288408644400786,"hyb.w.7","Wasp","*D. sechellia*"
"565","BomS1",19,"T",2221,6587,0.337179292545924,"hyb.w.8","Wasp","*D. sechellia*"
"566","BomS1",19,"T",1875,5610,0.334224598930481,"hyb.w.9","Wasp","*D. sechellia*"
"567","CecA1",46,"A",2390,3250,0.735384615384615,"hyb.w.1","Wasp","*D. sechellia*"
"568","CecA1",46,"A",1784,3313,0.538484757017809,"hyb.w.10","Wasp","*D. sechellia*"
"569","CecA1",46,"A",2302,3903,0.589802715859595,"hyb.w.2","Wasp","*D. sechellia*"
"570","CecA1",46,"A",2697,3345,0.80627802690583,"hyb.w.3","Wasp","*D. sechellia*"
"571","CecA1",46,"A",1334,2592,0.514660493827161,"hyb.w.4","Wasp","*D. sechellia*"
"572","CecA1",46,"A",2257,3245,0.695531587057011,"hyb.w.5","Wasp","*D. sechellia*"
"573","CecA1",46,"A",2165,2959,0.731666103413315,"hyb.w.6","Wasp","*D. sechellia*"
"574","CecA1",46,"A",2044,3563,0.573673870333988,"hyb.w.7","Wasp","*D. sechellia*"
"575","CecA1",46,"A",2573,5083,0.506197127680504,"hyb.w.8","Wasp","*D. sechellia*"
"576","CecA1",46,"A",2318,3956,0.585945399393327,"hyb.w.9","Wasp","*D. sechellia*"
"577","CecC",20,"G",2224,3888,0.57201646090535,"hyb.w.1","Wasp","*D. sechellia*"
"578","CecC",20,"G",1212,3463,0.349985561651747,"hyb.w.10","Wasp","*D. sechellia*"
"579","CecC",20,"G",1240,2383,0.520352496852707,"hyb.w.2","Wasp","*D. sechellia*"
"580","CecC",20,"G",1961,3571,0.549145897507701,"hyb.w.3","Wasp","*D. sechellia*"
"581","CecC",20,"G",870,2317,0.375485541648684,"hyb.w.4","Wasp","*D. sechellia*"
"582","CecC",20,"G",2154,3174,0.678638941398866,"hyb.w.5","Wasp","*D. sechellia*"
"583","CecC",20,"G",1278,2647,0.482810729127314,"hyb.w.6","Wasp","*D. sechellia*"
"584","CecC",20,"G",956,2809,0.340334638661445,"hyb.w.7","Wasp","*D. sechellia*"
"585","CecC",20,"G",838,2122,0.394910461828464,"hyb.w.8","Wasp","*D. sechellia*"
"586","CecC",20,"G",1516,3703,0.40939778557926,"hyb.w.9","Wasp","*D. sechellia*"
"587","TotB",54,"C",116,865,0.134104046242775,"hyb.w.1","Wasp","*D. sechellia*"
"588","TotB",54,"C",382,1886,0.20254506892895,"hyb.w.10","Wasp","*D. sechellia*"
"589","TotB",54,"C",14,388,0.0360824742268041,"hyb.w.2","Wasp","*D. sechellia*"
"590","TotB",54,"C",46,618,0.0744336569579288,"hyb.w.3","Wasp","*D. sechellia*"
"591","TotB",54,"C",5,253,0.0197628458498024,"hyb.w.4","Wasp","*D. sechellia*"
"592","TotB",54,"C",50,292,0.171232876712329,"hyb.w.7","Wasp","*D. sechellia*"
"593","TotB",54,"C",68,245,0.277551020408163,"hyb.w.8","Wasp","*D. sechellia*"
"594","TotB",54,"C",99,348,0.28448275862069,"hyb.w.9","Wasp","*D. sechellia*"
